[
    {
      "id": "1",
      "author_id": "",
      "tag_id": "",
      "question": "A graphic designer uses a mobile device with a stylus for digital illustrations. Recently, the stylus has become unresponsive and exhibits lag when drawing lines. The device's touchscreen responds normally to finger touch. What is the most probable cause of this issue?",
      "question_title": "",
      "question_image": "",
      "wrong_answer_text": "A firmware issue with the stylus is unlikely if the touchscreen responds normally to the stylus when the device is reset.",
      "right_answer_text": "Depleted battery in the stylus is a common cause of responsiveness issues. Unlike a touchscreen, which doesn’t require power, a stylus may need a charged battery to function effectively.",
      "question_hint": "",
      "explanation": "",
      "user_explanation": "",
      "type": "radio",
      "published": "1",
      "create_date": "0000-00-00 00:00:00",
      "not_influence_to_score": "",
      "weight": "1",
      "options": "",
      "category": "Uncategorized",
      "answers": [
        {
          "id": "1",
          "question_id": "1",
          "answer": "The device's screen protector is interfering with the stylus.",
          "image": "",
          "correct": "0",
          "ordering": "1",
          "weight": "1",
          "keyword": "A",
          "placeholder": ""
        },
        {
          "id": "2",
          "question_id": "1",
          "answer": "The battery in the stylus is depleted.",
          "image": "",
          "correct": "1",
          "ordering": "2",
          "weight": "2",
          "keyword": "A",
          "placeholder": ""
        },
        {
          "id": "3",
          "question_id": "1",
          "answer": "The stylus is not paired via Bluetooth with the device.",
          "image": "",
          "correct": "0",
          "ordering": "3",
          "weight": "1",
          "keyword": "A",
          "placeholder": ""
        },
        {
          "id": "4",
          "question_id": "1",
          "answer": "There is a firmware update pending for the mobile device.",
          "image": "",
          "correct": "0",
          "ordering": "4",
          "weight": "1",
          "keyword": "A",
          "placeholder": ""
        }
      ]
    },
    {
      "id": "2",
      "author_id": "",
      "tag_id": "",
      "question": "A user finds that the pressure sensitivity feature on their stylus is not working when using a specific drawing application on their tablet. The stylus appears to work fine with other applications. Which action should the user take first to resolve this issue?",
      "question_title": "",
      "question_image": "",
      "wrong_answer_text": "A factory reset will be time-consuming and is unlikely to address issues isolated to a single application.",
      "right_answer_text": "Checking the application settings for pressure sensitivity is crucial. Some apps may have unique settings overriding the device defaults.",
      "question_hint": "",
      "explanation": "",
      "user_explanation": "",
      "type": "radio",
      "published": "1",
      "create_date": "0000-00-00 00:00:00",
      "not_influence_to_score": "",
      "weight": "1",
      "options": "",
      "category": "Uncategorized",
      "answers": [
        {
          "id": "1",
          "question_id": "2",
          "answer": "Reinstall the stylus drivers.",
          "image": "",
          "correct": "0",
          "ordering": "1",
          "weight": "1",
          "keyword": "A",
          "placeholder": ""
        },
        {
          "id": "2",
          "question_id": "2",
          "answer": "Check the application settings for pressure sensitivity.",
          "image": "",
          "correct": "1",
          "ordering": "2",
          "weight": "2",
          "keyword": "A",
          "placeholder": ""
        },
        {
          "id": "3",
          "question_id": "2",
          "answer": "Perform a factory reset on the tablet.",
          "image": "",
          "correct": "0",
          "ordering": "3",
          "weight": "1",
          "keyword": "A",
          "placeholder": ""
        },
        {
          "id": "4",
          "question_id": "2",
          "answer": "Update the tablet's OS to the latest version.",
          "image": "",
          "correct": "0",
          "ordering": "4",
          "weight": "1",
          "keyword": "A",
          "placeholder": ""
        }
      ]
    },
    
        {
          "id": "1",
          "author_id": "admin",
          "tag_id": "audio",
          "question": "A user experiences intermittent disconnection issues with their Bluetooth headphones when connected to their smartphone. After ensuring the headphones and smartphone are within the recommended range, what should they check next to troubleshoot the issue?",
          "question_title": "",
          "question_image": "",
          "wrong_answer_text": "Checking the headphone battery level is important, but if the devices are within range, interference is more likely the cause of a disconnection.",
          "right_answer_text": "Disabling Wi-Fi temporarily can determine if there is interference, as both 2.4 GHz Wi-Fi and Bluetooth use similar frequencies, causing potential issues.",
          "question_hint": "",
          "explanation": "",
          "user_explanation": "",
          "type": "radio",
          "published": "1",
          "create_date": "0000-00-00 00:00:00",
          "not_influence_to_score": "",
          "weight": "1",
          "options": "",
          "category": "Uncategorized",
          "answers": [
            {
              "id": "1",
              "question_id": "1",
              "answer": "Update the smartphone's operating system to the latest version",
              "image": "",
              "correct": "0",
              "ordering": "1",
              "weight": "1",
              "keyword": "A",
              "placeholder": ""
            },
            {
              "id": "2",
              "question_id": "1",
              "answer": "Disable Wi-Fi temporarily to check for interference",
              "image": "",
              "correct": "1",
              "ordering": "2",
              "weight": "2",
              "keyword": "A",
              "placeholder": ""
            },
            {
              "id": "3",
              "question_id": "1",
              "answer": "Reset the smartphone's network settings",
              "image": "",
              "correct": "0",
              "ordering": "3",
              "weight": "1",
              "keyword": "A",
              "placeholder": ""
            },
            {
              "id": "4",
              "question_id": "1",
              "answer": "Clear the headphone's pairing list completely",
              "image": "",
              "correct": "0",
              "ordering": "4",
              "weight": "1",
              "keyword": "A",
              "placeholder": ""
            }
          ]
        },
        {
          "id": "2",
          "author_id": "admin",
          "tag_id": "audio",
          "question": "A user complains that their wired headphones do not work with their new smartphone, which uses a USB-C port. Which solution would best resolve this issue?",
          "question_title": "",
          "question_image": "",
          "wrong_answer_text": "Purchasing a USB-C to micro-USB adapter would not solve audio issues, as audio signals need specialized handling.",
          "right_answer_text": "Using a USB-C to 3.5mm adapter is the most effective solution to connect wired headphones to a smartphone with only USB-C ports.",
          "question_hint": "",
          "explanation": "",
          "user_explanation": "",
          "type": "radio",
          "published": "1",
          "create_date": "0000-00-00 00:00:00",
          "not_influence_to_score": "",
          "weight": "1",
          "options": "",
          "category": "Uncategorized",
          "answers": [
            {
              "id": "1",
              "question_id": "2",
              "answer": "Purchase a USB-C to micro-USB adapter",
              "image": "",
              "correct": "0",
              "ordering": "1",
              "weight": "1",
              "keyword": "A",
              "placeholder": ""
            },
            {
              "id": "2",
              "question_id": "2",
              "answer": "Use a USB-C to 3.5mm audio adapter",
              "image": "",
              "correct": "1",
              "ordering": "2",
              "weight": "2",
              "keyword": "A",
              "placeholder": ""
            },
            {
              "id": "3",
              "question_id": "2",
              "answer": "Enable USB debugging in developer options",
              "image": "",
              "correct": "0",
              "ordering": "3",
              "weight": "1",
              "keyword": "A",
              "placeholder": ""
            },
            {
              "id": "4",
              "question_id": "2",
              "answer": "Connect the headphones via Bluetooth instead",
              "image": "",
              "correct": "0",
              "ordering": "4",
              "weight": "1",
              "keyword": "A",
              "placeholder": ""
            }
          ]
        },
        
            {
              "id": "1",
              "author_id": "AI",
              "tag_id": "Speakers",
              "question": "A user reports that their Bluetooth speaker frequently disconnects when streaming music from their laptop, which is located 10 meters away in another room. Other Bluetooth devices work without issues from the same distance. What is the most likely cause of the problem?",
              "question_title": "",
              "question_image": "",
              "wrong_answer_text": "While updating the Bluetooth driver is a good practice, it is unlikely to resolve the issue if the problem is due to structural interference.",
              "right_answer_text": "Structural interference, such as walls and large objects between the laptop and the speaker, can cause Bluetooth signal loss and disconnections.",
              "question_hint": "",
              "explanation": "",
              "user_explanation": "",
              "type": "radio",
              "published": "1",
              "create_date": "0000-00-00 00:00:00",
              "not_influence_to_score": "",
              "weight": "1",
              "options": "",
              "category": "Uncategorized",
              "answers": [
                {
                  "id": "1",
                  "question_id": "1",
                  "answer": "The Bluetooth driver on the laptop needs to be updated.",
                  "image": "",
                  "correct": "0",
                  "ordering": "1",
                  "weight": "1",
                  "keyword": "A",
                  "placeholder": ""
                },
                {
                  "id": "2",
                  "question_id": "1",
                  "answer": "Structural interference between rooms is affecting the Bluetooth signal.",
                  "image": "",
                  "correct": "1",
                  "ordering": "2",
                  "weight": "2",
                  "keyword": "A",
                  "placeholder": ""
                },
                {
                  "id": "3",
                  "question_id": "1",
                  "answer": "The speaker is not compatible with the laptop's Bluetooth version.",
                  "image": "",
                  "correct": "0",
                  "ordering": "3",
                  "weight": "1",
                  "keyword": "A",
                  "placeholder": ""
                },
                {
                  "id": "4",
                  "question_id": "1",
                  "answer": "The laptop's Bluetooth is set to low power mode.",
                  "image": "",
                  "correct": "0",
                  "ordering": "4",
                  "weight": "1",
                  "keyword": "A",
                  "placeholder": ""
                }
              ]
            },
            {
              "id": "2",
              "author_id": "AI",
              "tag_id": "Speakers",
              "question": "An office user complains that the speakers connected to their desktop via a 3.5mm audio jack suddenly produce no sound, although the device manager shows the audio device is working properly. Which troubleshooting step should be performed first?",
              "question_title": "",
              "question_image": "",
              "wrong_answer_text": "Checking for driver updates is usually necessary, but the issue here seems to be more immediate, likely related to physical connections or configuration.",
              "right_answer_text": "Checking the physical connection of the audio jack should be the first step as it is common for cables to become loose or disconnected and cause audio issues.",
              "question_hint": "",
              "explanation": "",
              "user_explanation": "",
              "type": "radio",
              "published": "1",
              "create_date": "0000-00-00 00:00:00",
              "not_influence_to_score": "",
              "weight": "1",
              "options": "",
              "category": "Uncategorized",
              "answers": [
                {
                  "id": "1",
                  "question_id": "2",
                  "answer": "Reinstall the audio driver to ensure it is not corrupt.",
                  "image": "",
                  "correct": "0",
                  "ordering": "1",
                  "weight": "1",
                  "keyword": "A",
                  "placeholder": ""
                },
                {
                  "id": "2",
                  "question_id": "2",
                  "answer": "Verify the physical connection of the 3.5mm audio jack.",
                  "image": "",
                  "correct": "1",
                  "ordering": "2",
                  "weight": "2",
                  "keyword": "A",
                  "placeholder": ""
                },
                {
                  "id": "3",
                  "question_id": "2",
                  "answer": "Run the audio troubleshooter in Windows.",
                  "image": "",
                  "correct": "0",
                  "ordering": "3",
                  "weight": "1",
                  "keyword": "A",
                  "placeholder": ""
                },
                {
                  "id": "4",
                  "question_id": "2",
                  "answer": "Update the computer's BIOS to the latest version.",
                  "image": "",
                  "correct": "0",
                  "ordering": "4",
                  "weight": "1",
                  "keyword": "A",
                  "placeholder": ""
                }
              ]
            },
            
                {
                  "id": "1",
                  "author_id": "",
                  "tag_id": "",
                  "question": "A user reports that the webcam on their mobile device intermittently freezes during video calls. You perform a network analysis and find no connection issues. What should you check next to troubleshoot this issue?",
                  "question_title": "",
                  "question_image": "",
                  "wrong_answer_text": "Checking application permissions might reveal if the app is not allowed to use the camera, but since it works intermittently, this is unlikely to be the issue.",
                  "right_answer_text": "Checking for updates ensures that the app and device software are optimized and compatible, reducing the likelihood of performance issues.",
                  "question_hint": "",
                  "explanation": "",
                  "user_explanation": "",
                  "type": "radio",
                  "published": "1",
                  "create_date": "0000-00-00 00:00:00",
                  "not_influence_to_score": "",
                  "weight": "1",
                  "options": "",
                  "category": "Uncategorized",
                  "answers": [
                    {
                      "id": "1",
                      "question_id": "1",
                      "answer": "Reinstall the video call application",
                      "image": "",
                      "correct": "0",
                      "ordering": "1",
                      "weight": "1",
                      "keyword": "A",
                      "placeholder": ""
                    },
                    {
                      "id": "2",
                      "question_id": "1",
                      "answer": "Check for software updates for the app and device",
                      "image": "",
                      "correct": "1",
                      "ordering": "2",
                      "weight": "2",
                      "keyword": "A",
                      "placeholder": ""
                    },
                    {
                      "id": "3",
                      "question_id": "1",
                      "answer": "Adjust the device’s camera settings",
                      "image": "",
                      "correct": "0",
                      "ordering": "3",
                      "weight": "1",
                      "keyword": "A",
                      "placeholder": ""
                    },
                    {
                      "id": "4",
                      "question_id": "1",
                      "answer": "Verify application permissions for the camera",
                      "image": "",
                      "correct": "0",
                      "ordering": "4",
                      "weight": "1",
                      "keyword": "A",
                      "placeholder": ""
                    }
                  ]
                },
                {
                  "id": "2",
                  "author_id": "",
                  "tag_id": "",
                  "question": "A field technician needs to configure the webcam settings on a corporate mobile device to enhance low-light performance during video conferencing. Which setting should be adjusted to achieve this improvement?",
                  "question_title": "",
                  "question_image": "",
                  "wrong_answer_text": "Resolution affects image clarity, not low-light performance. Increasing resolution will not enhance visibility in low light.",
                  "right_answer_text": "Adjusting the ISO setting allows for better light sensitivity, improving camera performance in low-light conditions.",
                  "question_hint": "",
                  "explanation": "",
                  "user_explanation": "",
                  "type": "radio",
                  "published": "1",
                  "create_date": "0000-00-00 00:00:00",
                  "not_influence_to_score": "",
                  "weight": "1",
                  "options": "",
                  "category": "Uncategorized",
                  "answers": [
                    {
                      "id": "1",
                      "question_id": "2",
                      "answer": "Increase the resolution",
                      "image": "",
                      "correct": "0",
                      "ordering": "1",
                      "weight": "1",
                      "keyword": "A",
                      "placeholder": ""
                    },
                    {
                      "id": "2",
                      "question_id": "2",
                      "answer": "Adjust the ISO setting",
                      "image": "",
                      "correct": "1",
                      "ordering": "2",
                      "weight": "2",
                      "keyword": "A",
                      "placeholder": ""
                    },
                    {
                      "id": "3",
                      "question_id": "2",
                      "answer": "Alter the frame rate",
                      "image": "",
                      "correct": "0",
                      "ordering": "3",
                      "weight": "1",
                      "keyword": "A",
                      "placeholder": ""
                    },
                    {
                      "id": "4",
                      "question_id": "2",
                      "answer": "Switch to monochrome mode",
                      "image": "",
                      "correct": "0",
                      "ordering": "4",
                      "weight": "1",
                      "keyword": "A",
                      "placeholder": ""
                    }
                  ]
                },
                
                    {
                      "id": "1",
                      "author_id": "AI",
                      "tag_id": "docking_stations",
                      "question": "A user connects their laptop to a new docking station supporting USB-C Power Delivery (PD) and triple display output. However, only two monitors are functioning, and the laptop doesn't seem to be charging. What should you check first to resolve the issue?",
                      "question_title": "",
                      "question_image": "",
                      "wrong_answer_text": "While verifying the operating system's graphics driver updates is important, it does not address the power delivery issue to the laptop, which is the user's main concern.",
                      "right_answer_text": "Checking the USB-C cable ensures that both power delivery and data transfer capabilities are supported, which solves the charging and display issues.",
                      "question_hint": "",
                      "explanation": "",
                      "user_explanation": "",
                      "type": "radio",
                      "published": "1",
                      "create_date": "0000-00-00 00:00:00",
                      "not_influence_to_score": "",
                      "weight": "1",
                      "options": "",
                      "category": "Uncategorized",
                      "answers": [
                        {
                          "id": "1",
                          "question_id": "1",
                          "answer": "Update the docking station's firmware.",
                          "image": "",
                          "correct": "0",
                          "ordering": "1",
                          "weight": "1",
                          "keyword": "A",
                          "placeholder": ""
                        },
                        {
                          "id": "2",
                          "question_id": "1",
                          "answer": "Check if the USB-C cable supports Power Delivery and data transfer.",
                          "image": "",
                          "correct": "1",
                          "ordering": "2",
                          "weight": "2",
                          "keyword": "A",
                          "placeholder": ""
                        },
                        {
                          "id": "3",
                          "question_id": "1",
                          "answer": "Verify operating system compatibility with the docking station.",
                          "image": "",
                          "correct": "0",
                          "ordering": "3",
                          "weight": "1",
                          "keyword": "A",
                          "placeholder": ""
                        },
                        {
                          "id": "4",
                          "question_id": "1",
                          "answer": "Install the latest graphics driver updates.",
                          "image": "",
                          "correct": "0",
                          "ordering": "4",
                          "weight": "1",
                          "keyword": "A",
                          "placeholder": ""
                        }
                      ]
                    },
                    {
                      "id": "2",
                      "author_id": "AI",
                      "tag_id": "docking_stations",
                      "question": "An employee reports that when their laptop is connected to a docking station, the external keyboard, mouse, and Ethernet connection frequently disconnect and reconnect. What is the most likely cause of this problem?",
                      "question_title": "",
                      "question_image": "",
                      "wrong_answer_text": "While a firmware update might fix certain issues, sporadic disconnections of multiple devices often point to a different underlying cause related to connectivity.",
                      "right_answer_text": "A faulty docking station can cause intermittent connectivity issues across all connected peripherals, suggesting a hardware fault that needs addressing or replacement.",
                      "question_hint": "",
                      "explanation": "",
                      "user_explanation": "",
                      "type": "radio",
                      "published": "1",
                      "create_date": "0000-00-00 00:00:00",
                      "not_influence_to_score": "",
                      "weight": "1",
                      "options": "",
                      "category": "Uncategorized",
                      "answers": [
                        {
                          "id": "5",
                          "question_id": "2",
                          "answer": "Overloaded USB port on the laptop.",
                          "image": "",
                          "correct": "0",
                          "ordering": "1",
                          "weight": "1",
                          "keyword": "A",
                          "placeholder": ""
                        },
                        {
                          "id": "6",
                          "question_id": "2",
                          "answer": "Defective docking station.",
                          "image": "",
                          "correct": "1",
                          "ordering": "2",
                          "weight": "2",
                          "keyword": "A",
                          "placeholder": ""
                        },
                        {
                          "id": "7",
                          "question_id": "2",
                          "answer": "Incorrect power settings on the laptop.",
                          "image": "",
                          "correct": "0",
                          "ordering": "3",
                          "weight": "1",
                          "keyword": "A",
                          "placeholder": ""
                        },
                        {
                          "id": "8",
                          "question_id": "2",
                          "answer": "Outdated firmware on the docking station.",
                          "image": "",
                          "correct": "0",
                          "ordering": "4",
                          "weight": "1",
                          "keyword": "A",
                          "placeholder": ""
                        }
                      ]
                    },
                    
                        {
                          "id": "1",
                          "author_id": "compTIA",
                          "tag_id": "port-replicators",
                          "question": "A user connects their mobile device to a port replicator to extend its functionality but notices that the connected external monitor is not displaying any output. The monitor is known to be functional when connected directly to the device. Which of the following is the most likely cause?",
                          "question_title": "",
                          "question_image": "",
                          "wrong_answer_text": "While USB-C PD provides power delivery, it won't affect display output if the port replicator itself isn't capable of handling video output.",
                          "right_answer_text": "Some port replicators only support specific display protocols like DisplayPort or require additional drivers to facilitate video output. Verifying compatibility or checking for driver updates is essential.",
                          "question_hint": "",
                          "explanation": "",
                          "user_explanation": "",
                          "type": "radio",
                          "published": "1",
                          "create_date": "0000-00-00 00:00:00",
                          "not_influence_to_score": "",
                          "weight": "1",
                          "options": "",
                          "category": "Uncategorized",
                          "answers": [
                            {
                              "id": "1-1",
                              "question_id": "1",
                              "answer": "The monitor requires a separate power source.",
                              "image": "",
                              "correct": "0",
                              "ordering": "1",
                              "weight": "1",
                              "keyword": "A",
                              "placeholder": ""
                            },
                            {
                              "id": "1-2",
                              "question_id": "1",
                              "answer": "The port replicator may not support the device's video output protocol.",
                              "image": "",
                              "correct": "1",
                              "ordering": "2",
                              "weight": "2",
                              "keyword": "A",
                              "placeholder": ""
                            },
                            {
                              "id": "1-3",
                              "question_id": "1",
                              "answer": "The external monitor is not compatible with USB-C PD.",
                              "image": "",
                              "correct": "0",
                              "ordering": "3",
                              "weight": "1",
                              "keyword": "A",
                              "placeholder": ""
                            },
                            {
                              "id": "1-4",
                              "question_id": "1",
                              "answer": "The port replicator is not supplying enough power.",
                              "image": "",
                              "correct": "0",
                              "ordering": "4",
                              "weight": "1",
                              "keyword": "A",
                              "placeholder": ""
                            }
                          ]
                        },
                        {
                          "id": "2",
                          "author_id": "compTIA",
                          "tag_id": "port-replicators",
                          "question": "A technician is setting up a port replicator for a user's laptop to enable multiple peripheral connections. The user complains that their USB keyboard and mouse are not functioning when connected through the port replicator. What troubleshooting step should the technician try first?",
                          "question_title": "",
                          "question_image": "",
                          "wrong_answer_text": "Updating the mobile device firmware could be helpful for other issues but won't immediately address the problem of USB peripherals not working.",
                          "right_answer_text": "Reseating or checking cable connections ensures proper connectivity and rule out simple disconnection as the cause of the peripheral issue.",
                          "question_hint": "",
                          "explanation": "",
                          "user_explanation": "",
                          "type": "radio",
                          "published": "1",
                          "create_date": "0000-00-00 00:00:00",
                          "not_influence_to_score": "",
                          "weight": "1",
                          "options": "",
                          "category": "Uncategorized",
                          "answers": [
                            {
                              "id": "2-1",
                              "question_id": "2",
                              "answer": "Update the mobile device firmware.",
                              "image": "",
                              "correct": "0",
                              "ordering": "1",
                              "weight": "1",
                              "keyword": "A",
                              "placeholder": ""
                            },
                            {
                              "id": "2-2",
                              "question_id": "2",
                              "answer": "Check the port replicator's cable connections.",
                              "image": "",
                              "correct": "1",
                              "ordering": "2",
                              "weight": "2",
                              "keyword": "A",
                              "placeholder": ""
                            },
                            {
                              "id": "2-3",
                              "question_id": "2",
                              "answer": "Adjust the BIOS settings to enable external peripherals.",
                              "image": "",
                              "correct": "0",
                              "ordering": "3",
                              "weight": "1",
                              "keyword": "A",
                              "placeholder": ""
                            },
                            {
                              "id": "2-4",
                              "question_id": "2",
                              "answer": "Replace the USB keyboard and mouse.",
                              "image": "",
                              "correct": "0",
                              "ordering": "4",
                              "weight": "1",
                              "keyword": "A",
                              "placeholder": ""
                            }
                          ]
                        },
                            {
                              "id": "001",
                              "author_id": "compAIAuthor",
                              "tag_id": "trackpad001",
                              "question": "A graphic designer is experiencing lag and inconsistency while using their drawing pad on a Windows 10 system. The system has the latest drivers and ample resources. What should be modified in the system to improve the performance?",
                              "question_title": "",
                              "question_image": "",
                              "wrong_answer_text": "Disabling USB power saving features might help with connectivity issues, but it won't directly improve the performance of a drawing pad related to graphics rendering.",
                              "right_answer_text": "Increasing the priority of the related processes in Task Manager allocates more CPU resources to the drawing application, which can significantly improve performance.",
                              "question_hint": "",
                              "explanation": "",
                              "user_explanation": "",
                              "type": "radio",
                              "published": "1",
                              "create_date": "0000-00-00 00:00:00",
                              "not_influence_to_score": "",
                              "weight": "1",
                              "options": "",
                              "category": "Uncategorized",
                              "answers": [
                                {
                                  "id": "001-1",
                                  "question_id": "001",
                                  "answer": "Increase the screen resolution",
                                  "image": "",
                                  "correct": "0",
                                  "ordering": "1",
                                  "weight": "1",
                                  "keyword": "A",
                                  "placeholder": ""
                                },
                                {
                                  "id": "001-2",
                                  "question_id": "001",
                                  "answer": "Adjust process priority in Task Manager",
                                  "image": "",
                                  "correct": "1",
                                  "ordering": "2",
                                  "weight": "2",
                                  "keyword": "A",
                                  "placeholder": ""
                                },
                                {
                                  "id": "001-3",
                                  "question_id": "001",
                                  "answer": "Disable USB power saving features",
                                  "image": "",
                                  "correct": "0",
                                  "ordering": "3",
                                  "weight": "1",
                                  "keyword": "A",
                                  "placeholder": ""
                                },
                                {
                                  "id": "001-4",
                                  "question_id": "001",
                                  "answer": "Enable 'High Performance' power plan",
                                  "image": "",
                                  "correct": "0",
                                  "ordering": "4",
                                  "weight": "1",
                                  "keyword": "A",
                                  "placeholder": ""
                                }
                              ]
                            },
                            {
                              "id": "002",
                              "author_id": "compAIAuthor",
                              "tag_id": "trackpad002",
                              "question": "After updating the driver for a trackpad, a user's gestures are no longer working on their laptop. Which procedure should be performed to resolve this?",
                              "question_title": "",
                              "question_image": "",
                              "wrong_answer_text": "Configuring tap-to-click in the trackpad settings affects single-click operations, not gesture functionality.",
                              "right_answer_text": "Rolling back the driver in Device Manager can restore gesture functionality if the new driver is incompatible or improperly installed.",
                              "question_hint": "",
                              "explanation": "",
                              "user_explanation": "",
                              "type": "radio",
                              "published": "1",
                              "create_date": "0000-00-00 00:00:00",
                              "not_influence_to_score": "",
                              "weight": "1",
                              "options": "",
                              "category": "Uncategorized",
                              "answers": [
                                {
                                  "id": "002-1",
                                  "question_id": "002",
                                  "answer": "Reinstall the operating system",
                                  "image": "",
                                  "correct": "0",
                                  "ordering": "1",
                                  "weight": "1",
                                  "keyword": "A",
                                  "placeholder": ""
                                },
                                {
                                  "id": "002-2",
                                  "question_id": "002",
                                  "answer": "Roll back the driver in Device Manager",
                                  "image": "",
                                  "correct": "1",
                                  "ordering": "2",
                                  "weight": "2",
                                  "keyword": "A",
                                  "placeholder": ""
                                },
                                {
                                  "id": "002-3",
                                  "question_id": "002",
                                  "answer": "Configure tap-to-click in trackpad settings",
                                  "image": "",
                                  "correct": "0",
                                  "ordering": "3",
                                  "weight": "1",
                                  "keyword": "A",
                                  "placeholder": ""
                                },
                                {
                                  "id": "002-4",
                                  "question_id": "002",
                                  "answer": "Update BIOS to the latest version",
                                  "image": "",
                                  "correct": "0",
                                  "ordering": "4",
                                  "weight": "1",
                                  "keyword": "A",
                                  "placeholder": ""
                                }
                              ]
                            }
                          ]
                  
          
  